"Index","Word Alphanumeric Counts","Bigram Counts","Number of Characters","Number of Words"
"1","256","257","1522","258"
"2","113","112","643","113"
"3","256","255","1509","256"
"4","168","168","1015","169"
"5","144","144","771","145"
"6","100","100","498","101"
"7","206","205","1059","206"
"8","172","171","874","172"
"9","1040","1039","5677","1040"
"10","106","106","657","107"
"11","58","58","368","59"
"12","151","151","821","152"
"13","188","187","998","188"
"14","274","274","1427","275"
"15","709","708","4180","709"
"16","94","94","557","95"
"17","167","167","911","168"
"18","131","130","734","131"
"19","41","40","216","41"
"20","84","83","449","84"
"21","48","48","250","49"
"22","263","262","1360","263"
"23","283","282","1461","283"
"24","134","133","743","134"
"25","151","151","820","152"
"26","412","412","2264","413"
"27","233","232","1217","233"
"28","57","56","288","57"
"29","91","90","452","91"
"30","470","469","2526","470"
"31","61","60","310","61"
"32","112","111","637","112"
"33","47","47","317","48"
"34","37","36","216","37"
"35","95","94","550","95"
"36","148","148","844","149"
"37","457","456","2585","457"
"38","334","333","1795","334"
"39","235","236","1366","237"
"40","169","168","932","169"
"41","82","82","483","83"
"42","55","54","310","55"
"43","340","340","2231","341"
"44","144","143","817","144"
"45","149","148","781","149"
"46","26","25","119","26"
"47","175","174","917","175"
"48","182","182","1050","183"
"49","92","91","472","92"
"50","793","793","4253","794"
"51","46","45","257","46"
"52","134","134","1254","135"
"53","142","141","826","142"
"54","114","114","613","115"
"55","14","15","129","16"
"56","57","57","334","58"
"57","161","161","947","162"
"58","124","124","735","125"
"59","149","149","857","150"
"60","83","82","478","83"
"61","446","446","2422","447"
"62","128","127","675","128"
"63","183","182","989","183"
"64","1983","2005","11556","2006"
"65","23","23","113","24"
"66","98","98","560","99"
"67","342","342","1951","343"
"68","300","300","1848","301"
"69","177","177","1309","178"
"70","376","375","2279","376"
"71","59","58","310","59"
"72","125","124","675","125"
"73","179","179","872","180"
"74","639","639","3525","640"
"75","48","48","280","49"
"76","33","32","170","33"
"77","602","601","3747","602"
"78","169","168","903","169"
"79","58","57","310","58"
"80","105","105","542","106"
"81","341","340","1795","341"
"82","48","48","246","49"
"83","109","109","686","110"
"84","103","102","607","103"
"85","193","192","1077","193"
"86","37","37","260","38"
"87","776","776","4102","777"
"88","204","203","1047","204"
"89","282","281","1597","282"
"90","172","171","961","172"
"91","249","248","1386","249"
"92","73","72","427","73"
"93","163","162","894","163"
"94","163","163","1467","164"
"95","70","69","389","70"
"96","253","253","1544","254"
"97","58","57","360","58"
"98","388","388","2318","389"
"99","187","186","1032","187"
"100","121","120","613","121"
"101","180","179","941","180"
"102","67","66","346","67"
"103","180","180","993","181"
"104","216","215","1180","216"
"105","189","188","1088","189"
"106","108","107","580","108"
"107","233","232","1330","233"
"108","155","154","782","155"
"109","314","314","1731","315"
"110","108","107","558","108"
"111","175","174","957","175"
"112","194","193","1075","194"
"113","283","282","1453","283"
"114","124","125","762","126"
"115","169","170","1057","171"
"116","94","93","493","94"
"117","274","274","1530","275"
"118","161","161","976","162"
"119","231","230","1359","231"
"120","116","116","588","117"
"121","88","88","488","89"
"122","152","152","759","153"
"123","105","105","531","106"
"124","77","76","424","77"
"125","155","157","1063","158"
"126","157","156","895","157"
"127","38","37","192","38"
"128","460","459","2380","460"
"129","94","93","553","94"
"130","253","252","1474","253"
"131","165","165","892","166"
"132","160","160","824","161"
"133","152","152","760","153"
"134","107","107","541","108"
"135","163","163","851","164"
"136","123","123","804","124"
"137","78","77","460","78"
"138","231","230","1393","231"
"139","53","53","289","54"
"140","37","37","229","38"
"141","28","29","165","30"
"142","41","40","237","41"
"143","21","20","142","21"
"144","34","33","212","34"
"145","33","32","208","33"
"146","26","25","145","26"
"147","25","24","151","25"
"148","23","22","133","23"
"149","24","23","144","24"
"150","109","108","632","109"
"151","176","175","985","176"
"152","101","101","554","102"
"153","786","786","4314","787"
"154","330","330","1879","331"
"155","84","84","414","85"
"156","681","681","4202","682"
"157","335","335","1971","336"
"158","664","663","3940","664"
"159","256","256","1515","257"
"160","272","271","1670","272"
"161","273","272","1572","273"
"162","146","145","827","146"
"163","111","110","597","111"
"164","341","340","2199","341"
"165","329","330","2022","331"
"166","1362","1362","8020","1363"
"167","75","74","406","75"
"168","92","92","545","93"
"169","157","156","871","157"
"170","33","33","176","34"
"171","109","108","606","109"
"172","257","256","1312","257"
"173","102","102","533","103"
"174","294","294","1546","295"
"175","137","137","738","138"
"176","85","85","468","86"
"177","542","541","3226","542"
"178","333","333","1936","334"
"179","557","557","3483","558"
"180","737","736","4272","737"
"181","479","478","2733","479"
"182","1178","1178","6611","1179"
"183","617","617","3421","618"
"184","377","377","2042","378"
"185","94","94","536","95"
"186","418","417","2315","418"
"187","389","389","2251","390"
"188","241","241","1299","242"
"189","171","173","921","174"
"190","772","772","4052","773"
"191","123","123","675","124"
"192","234","234","1294","235"
"193","21","21","119","22"
"194","98","98","505","99"
"195","165","165","809","166"
"196","62","62","351","63"
"197","72","72","405","73"
"198","125","124","664","125"
"199","69","70","426","71"
"200","223","222","1175","223"
"201","84","83","425","84"
"202","117","116","612","117"
"203","56","55","296","56"
"204","319","318","1742","319"
"205","145","144","774","145"
"206","124","123","640","124"
"207","125","124","654","125"
"208","137","136","729","137"
"209","138","137","737","138"
"210","203","202","1023","203"
"211","78","77","423","78"
"212","271","270","1499","271"
"213","422","422","2134","423"
"214","206","206","1003","207"
"215","111","110","588","111"
"216","254","253","1317","254"
"217","180","179","931","180"
"218","104","103","562","104"
"219","96","96","559","97"
"220","110","109","613","110"
"221","128","128","707","129"
"222","62","61","347","62"
"223","531","531","2935","532"
"224","225","225","1368","226"
"225","1310","1310","7235","1311"
"226","81","80","467","81"
"227","80","80","432","81"
"228","180","180","1036","181"
"229","409","409","2228","410"
"230","233","232","1293","233"
"231","138","138","805","139"
"232","443","443","2473","444"
"233","427","427","2537","428"
"234","267","266","1541","267"
"235","379","378","2118","379"
"236","55","54","325","55"
"237","59","58","313","59"
"238","146","145","800","146"
"239","155","155","824","156"
"240","448","447","2578","448"
"241","170","169","933","170"
"242","163","162","859","163"
"243","59","58","303","59"
"244","265","264","1551","265"
"245","87","87","493","88"
"246","120","119","685","120"
"247","468","467","2796","468"
"248","34","33","196","34"
"249","74","73","440","74"
"250","455","454","2541","455"
"251","792","791","4269","792"
"252","96","95","548","96"
"253","385","386","2195","387"
"254","630","629","3433","630"
"255","299","299","1781","300"
"256","116","116","614","117"
"257","91","90","502","91"
"258","132","132","850","133"
"259","53","53","279","54"
"260","79","78","509","79"
"261","876","876","5399","877"
"262","50","50","266","51"
"263","84","83","431","84"
"264","121","121","727","122"
"265","5988","5987","33810","5988"
"266","139","139","851","140"
"267","100","99","540","100"
"268","232","231","1384","232"
"269","183","182","1462","183"
"270","153","152","830","153"
"271","1854","1857","10505","1858"
"272","226","225","1292","226"
"273","128","127","737","128"
"274","247","246","1407","247"
"275","67","67","424","68"
"276","61","61","383","62"
"277","181","181","1084","182"
"278","177","177","974","178"
"279","99","99","604","100"
"280","460","460","2690","461"
"281","107","107","694","108"
"282","344","345","2086","346"
"283","292","292","1544","293"
"284","183","183","1013","184"
"285","107","107","632","108"
"286","142","142","849","143"
"287","93","93","602","94"
"288","154","154","925","155"
"289","119","119","729","120"
"290","64","64","406","65"
"291","240","240","1393","241"
"292","279","279","1575","280"
"293","369","369","2038","370"
"294","89","89","507","90"
"295","228","229","1397","230"
"296","69","68","356","69"
"297","70","70","313","71"
"298","145","145","887","146"
"299","190","189","1027","190"
"300","264","264","1473","265"
"301","138","138","726","139"
"302","2696","2695","15812","2696"
"303","360","359","1998","360"
"304","281","280","1566","281"
"305","2314","2314","13415","2315"
"306","122","122","659","123"
"307","53","52","307","53"
"308","107","106","502","107"
"309","134","133","702","134"
"310","69","68","343","69"
"311","91","90","451","91"
"312","152","151","808","152"
"313","64","63","330","64"
"314","259","258","1327","259"
"315","362","361","1978","362"
"316","60","60","367","61"
"317","572","571","3166","572"
"318","572","571","3166","572"
"319","572","571","3166","572"
"320","542","541","3059","542"
"321","1019","1018","5520","1019"
"322","68","67","453","68"
"323","421","421","2478","422"
"324","170","169","861","170"
"325","1612","1612","10036","1613"
"326","415","414","2420","415"
"327","200","199","1155","200"
"328","175","174","921","175"
"329","226","225","1241","226"
"330","326","325","1720","326"
"331","82","81","456","82"
"332","244","243","1280","244"
"333","258","257","1485","258"
"334","114","113","596","114"
"335","46","45","249","46"
"336","192","191","953","192"
"337","39","38","190","39"
"338","41","40","219","41"
"339","154","153","834","154"
"340","122","122","650","123"
"341","171","171","1099","172"
"342","1049","1049","5896","1050"
"343","55","55","264","56"
"344","159","158","845","159"
"345","271","271","1493","272"
"346","131","131","756","132"
"347","135","135","815","136"
"348","63","62","341","63"
"349","187","187","1071","188"
"350","96","96","548","97"
"351","74","73","377","74"
"352","122","121","630","122"
"353","262","261","1474","262"
"354","231","230","1421","231"
"355","261","260","1408","261"
"356","73","72","379","73"
"357","140","139","796","140"
"358","595","595","3192","596"
"359","15","14","81","15"
"360","51","50","283","51"
"361","92","92","517","93"
"362","147","146","785","147"
"363","117","117","685","118"
"364","17","16","99","17"
"365","268","267","1440","268"
"366","223","223","1124","224"
"367","83","83","429","84"
"368","232","231","1400","232"
"369","330","329","1694","330"
"370","73","73","377","74"
"371","159","158","857","159"
"372","91","90","490","91"
"373","1172","1172","6908","1173"
"374","119","118","625","119"
"375","93","92","472","93"
"376","182","181","1028","182"
"377","7","6","52","7"
"378","102","101","623","102"
"379","191","190","1021","191"
"380","123","123","584","124"
"381","116","116","613","117"
"382","1118","1118","5936","1119"
"383","193","192","970","193"
"384","185","184","1006","185"
"385","215","214","1167","215"
"386","142","142","777","143"
"387","241","241","1315","242"
"388","217","217","1132","218"
"389","72","72","398","73"
"390","275","276","1494","277"
"391","25","25","178","26"
"392","60","61","417","62"
"393","282","283","1558","284"
"394","114","115","719","116"
"395","196","196","1165","197"
"396","200","200","1194","201"
"397","125","125","677","126"
"398","117","117","636","118"
"399","678","679","3655","680"
"400","77","77","487","78"
"401","128","128","738","129"
"402","202","202","1128","203"
"403","126","127","722","128"
"404","41","41","234","42"
"405","867","867","5201","868"
"406","138","137","738","138"
"407","200","199","1104","200"
"408","65","65","391","66"
"409","110","110","620","111"
"410","145","144","738","145"
"411","191","190","988","191"
"412","49","48","264","49"
"413","612","611","3578","612"
"414","732","731","3998","732"
"415","24","23","111","24"
"416","24","23","131","24"
"417","747","746","4080","747"
"418","611","611","3418","612"
"419","140","139","816","140"
"420","726","725","4573","726"
"421","329","328","1922","329"
"422","377","377","2228","378"
"423","623","622","3338","623"
"424","147","147","863","148"
"425","16","16","91","17"
"426","196","195","1068","196"
"427","208","207","1161","208"
"428","677","677","3456","678"
"429","228","227","1242","228"
"430","81","81","369","82"
"431","33","33","148","34"
"432","124","124","697","125"
"433","482","482","2974","483"
"434","225","224","1198","225"
"435","57","56","307","57"
"436","187","186","955","187"
"437","120","120","652","121"
"438","48","47","220","48"
"439","112","111","542","112"
"440","190","190","1027","191"
"441","94","93","553","94"
"442","161","161","839","162"
"443","583","582","3047","583"
"444","240","239","1248","240"
"445","25","24","129","25"
"446","85","84","437","85"
"447","179","178","944","179"
"448","647","646","3471","647"
"449","95","94","538","95"
"450","340","339","1849","340"
"451","1444","1443","7546","1444"
"452","651","650","3655","651"
"453","1259","1259","6715","1260"
"454","141","140","866","141"
"455","1264","1263","6833","1264"
"456","333","332","1914","333"
"457","142","141","846","142"
"458","307","306","1733","307"
"459","277","276","1568","277"
"460","74","73","380","74"
"461","1264","1263","6833","1264"
"462","319","318","1697","319"
"463","44","43","204","44"
"464","175","175","1109","176"
"465","320","319","1876","320"
"466","118","117","707","118"
"467","222","222","1163","223"
"468","57","57","309","58"
"469","191","191","1064","192"
"470","296","295","1519","296"
"471","49","48","285","49"
"472","20","20","104","21"
"473","72","71","359","72"
"474","204","204","1251","205"
"475","65","64","350","65"
"476","128","127","674","128"
"477","424","424","2261","425"
"478","549","548","2844","549"
"479","193","193","1137","194"
"480","625","624","3290","625"
"481","216","215","1356","216"
"482","648","647","3412","648"
"483","87","86","513","87"
"484","769","768","4043","769"
"485","53","52","325","53"
"486","205","205","1265","206"
"487","695","694","3678","695"
"488","259","259","1564","260"
"489","300","300","1766","301"
"490","234","234","1416","235"
"491","195","194","1222","195"
"492","57","57","341","58"
"493","115","115","670","116"
"494","111","110","566","111"
"495","147","147","739","148"
"496","214","213","1235","214"
"497","381","380","2169","381"
"498","120","119","642","120"
"499","166","166","931","167"
"500","221","220","1206","221"
"501","473","472","2702","473"
"502","82","81","422","82"
"503","28","27","124","28"
"504","447","447","2421","448"
"505","185","185","1037","186"
"506","219","218","1198","219"
"507","132","131","683","132"
"508","159","158","906","159"
"509","127","127","738","128"
"510","46","45","247","46"
"511","90","89","488","90"
"512","89","88","518","89"
"513","134","133","705","134"
"514","108","107","568","108"
"515","341","341","1839","342"
"516","537","536","2852","537"
"517","94","94","510","95"
"518","78","77","444","78"
"519","430","429","2296","430"
"520","48","47","265","48"
"521","191","190","1069","191"
"522","86","85","463","86"
"523","612","612","3193","613"
"524","151","151","776","152"
"525","29","29","148","30"
"526","281","280","1594","281"
"527","763","764","5124","765"
"528","330","329","1788","330"
"529","376","375","2034","376"
"530","130","129","718","130"
"531","163","162","977","163"
"532","190","190","982","191"
"533","146","145","838","146"
"534","289","288","1534","289"
"535","216","215","1192","216"
"536","273","272","1588","273"
"537","111","110","599","111"
"538","173","172","931","173"
"539","160","160","968","161"
"540","178","178","1053","179"
"541","918","917","5210","918"
"542","66","65","356","66"
"543","233","232","1405","233"
"544","208","207","1112","208"
"545","203","203","1106","204"
"546","134","133","677","134"
"547","117","117","630","118"
"548","1347","1346","7610","1347"
"549","495","494","2789","495"
"550","281","280","1564","281"
"551","307","307","1872","308"
"552","343","342","2002","343"
"553","148","147","896","148"
"554","1042","1041","6543","1042"
"555","91","91","530","92"
"556","94","93","499","94"
"557","208","207","1253","208"
"558","1309","1309","7839","1310"
"559","1346","1346","7845","1347"
"560","316","316","1675","317"
"561","45","44","258","45"
"562","67","67","388","68"
"563","19","18","103","19"
"564","59","59","311","60"
"565","532","532","2678","533"
"566","99","99","581","100"
"567","187","186","1052","187"
"568","223","222","1268","223"
"569","15","15","87","16"
"570","7417","7417","38818","7418"
"571","136","136","763","137"
"572","154","153","870","154"
"573","246","245","1506","246"
"574","25","25","160","26"
"575","36","35","180","36"
"576","90","89","455","90"
"577","112","112","707","113"
"578","281","281","1543","282"
"579","311","311","1936","312"
"580","132","132","779","133"
"581","343","342","1846","343"
"582","71","70","393","71"
"583","1087","1086","6146","1087"
"584","169","168","904","169"
"585","20","19","115","20"
"586","479","478","2564","479"
"587","295","294","1584","295"
"588","91","90","520","91"
"589","286","286","1566","287"
"590","637","636","3792","637"
"591","561","561","3244","562"
"592","473","473","2642","474"
"593","253","252","1362","253"
"594","188","187","1050","188"
"595","922","922","6260","923"
"596","15","15","107","16"
"597","650","650","3579","651"
"598","324","324","1793","325"
"599","124","123","629","124"
"600","103","102","568","103"
"601","148","147","864","148"
"602","211","210","1226","211"
"603","111","111","626","112"
"604","99","98","549","99"
"605","299","298","1706","299"
"606","314","314","1779","315"
"607","72","72","388","73"
"608","103","103","562","104"
"609","88","87","521","88"
"610","98","97","515","98"
"611","256","255","1457","256"
"612","45","44","242","45"
"613","80","80","471","81"
"614","667","667","4051","668"
"615","29","29","145","30"
"616","49","48","261","49"
"617","45","44","283","45"
"618","172","171","1004","172"
"619","188","187","1010","188"
"620","85","84","504","85"
"621","211","211","1101","212"
"622","594","593","3119","594"
"623","416","415","2377","416"
"624","281","280","1416","281"
"625","117","116","586","117"
"626","122","121","630","122"
"627","617","617","3456","618"
"628","179","178","926","179"
"629","237","236","1322","237"
"630","20","19","99","20"
"631","183","182","903","183"
"632","237","236","1216","237"
"633","64","63","346","64"
"634","239","238","1214","239"
"635","294","293","1432","294"
"636","143","142","737","143"
"637","82","81","455","82"
"638","427","428","2820","429"
"639","1638","1637","8777","1638"
"640","116","116","612","117"
"641","331","330","1820","331"
"642","147","146","739","147"
"643","6","5","32","6"
"644","36","36","263","37"
"645","85","85","528","86"
"646","232","232","1197","233"
"647","127","127","766","128"
"648","936","935","6270","936"
"649","60","60","341","61"
"650","282","281","1516","282"
"651","50","49","277","50"
"652","102","102","536","103"
"653","305","305","1625","306"
"654","421","420","2281","421"
"655","274","273","1501","274"
"656","268","267","1431","268"
"657","353","353","1897","354"
"658","198","198","1142","199"
"659","183","182","937","183"
"660","230","230","1245","231"
"661","91","91","469","92"
"662","127","127","702","128"
"663","83","82","381","83"
"664","187","186","1015","187"
"665","75","75","464","76"
"666","80","80","405","81"
"667","407","406","2390","407"
"668","448","448","2380","449"
"669","546","545","3021","546"
"670","13243","13243","82638","13244"
"671","123","123","750","124"
"672","187","186","1041","187"
"673","54","53","289","54"
"674","207","207","1197","208"
"675","14","13","75","14"
"676","45","45","218","46"
"677","13303","13303","82994","13304"
"678","513","512","3421","513"
"679","394","394","2369","395"
"680","70","70","336","71"
"681","260","259","1288","260"
"682","111","110","629","111"
"683","193","193","944","194"
"684","70","69","355","70"
"685","141","140","704","141"
"686","312","312","1771","313"
"687","125","125","667","126"
"688","401","401","2455","402"
"689","51","51","294","52"
"690","78","78","417","79"
"691","97","97","571","98"
"692","123","122","641","123"
"693","67","67","365","68"
"694","55","55","291","56"
"695","68","68","372","69"
"696","182","182","1099","183"
"697","97","97","547","98"
"698","94","93","462","94"
"699","133","132","682","133"
"700","251","251","1433","252"
"701","143","143","859","144"
"702","125","124","633","125"
"703","107","107","562","108"
"704","412","411","2408","412"
"705","88","88","448","89"
"706","564","563","3626","564"
"707","227","227","1199","228"
"708","79","78","399","79"
"709","578","577","3286","578"
"710","147","147","877","148"
"711","114","113","570","114"
"712","932","932","5248","933"
"713","2009","2009","12706","2010"
"714","342","342","1979","343"
"715","28","28","153","29"
"716","835","835","4630","836"
"717","945","945","5439","946"
"718","259","259","1470","260"
"719","1893","1892","10447","1893"
"720","278","277","1627","278"
"721","233","233","1217","234"
"722","77","77","400","78"
"723","101","101","593","102"
"724","156","156","962","157"
"725","399","399","2449","400"
"726","403","403","2290","404"
"727","109","109","676","110"
"728","390","390","2402","391"
"729","84","84","510","85"
"730","36","36","183","37"
"731","44","44","210","45"
"732","74","74","393","75"
"733","1032","1031","5926","1032"
"734","684","684","4043","685"
"735","1194","1194","6736","1195"
"736","151","150","804","151"
"737","147","147","749","148"
"738","812","811","4620","812"
"739","36","36","188","37"
"740","140","139","823","140"
"741","204","204","1147","205"
"742","196","195","980","196"
"743","54","54","304","55"
"744","1200","1199","6769","1200"
"745","887","886","5280","887"
"746","1543","1542","8634","1543"
"747","1068","1067","6148","1068"
"748","111","110","624","111"
"749","118","117","641","118"
"750","124","123","684","124"
"751","211","210","1096","211"
"752","54","53","303","54"
"753","57","57","346","58"
"754","67","66","349","67"
"755","164","163","920","164"
"756","103","102","597","103"
"757","79","78","481","79"
"758","233","232","1361","233"
"759","34","33","193","34"
"760","30","29","156","30"
"761","347","346","2018","347"
"762","43","43","243","44"
"763","85","84","441","85"
"764","21","20","138","21"
"765","5981","5981","34176","5982"
"766","136","135","791","136"
"767","267","267","1473","268"
"768","72","72","400","73"
"769","240","240","1316","241"
"770","490","489","2959","490"
"771","444","444","2550","445"
"772","75","75","423","76"
"773","86","85","452","86"
"774","67","66","360","67"
"775","102","101","615","102"
"776","449","448","2444","449"
"777","205","204","1098","205"
"778","98","97","483","98"
"779","238","238","1369","239"
"780","964","964","5763","965"
"781","823","822","4959","823"
"782","389","390","2287","391"
"783","165","165","848","166"
"784","66","65","361","66"
"785","210","209","1301","210"
"786","68","67","329","68"
"787","42","41","207","42"
"788","42","41","207","42"
"789","64","64","310","65"
"790","37","36","187","37"
"791","144","144","860","145"
"792","92","91","469","92"
"793","1431","1431","8321","1432"
"794","212","212","1194","213"
"795","79","78","430","79"
"796","250","249","1364","250"
"797","423","422","2392","423"
"798","522","521","2822","522"
"799","643","642","3430","643"
"800","397","397","2150","398"
"801","248","247","1358","248"
"802","133","132","731","133"
"803","92","92","483","93"
"804","171","170","885","171"
"805","411","410","2197","411"
"806","109","108","570","109"
"807","1","1","5","2"
"808","1715","1714","10361","1715"
"809","299","298","1735","299"
"810","243","242","1359","243"
"811","766","766","4182","767"
"812","74","74","443","75"
"813","188","187","1100","188"
"814","12","12","67","13"
"815","333","333","1898","334"
"816","82","81","473","82"
"817","177","177","998","178"
"818","254","253","1447","254"
"819","228","227","1269","228"
"820","98","98","578","99"
"821","234","233","1368","234"
"822","258","257","1464","258"
"823","95","95","500","96"
"824","251","251","1363","252"
"825","105","105","608","106"
"826","97","96","545","97"
"827","225","225","1235","226"
"828","640","639","3461","640"
"829","378","377","2094","378"
"830","96","96","589","97"
"831","1207","1206","6820","1207"
"832","109","108","589","109"
"833","262","262","1443","263"
"834","8","8","52","9"
"835","1252","1251","7095","1252"
"836","278","278","1589","279"
"837","50","49","288","50"
"838","129","128","757","129"
"839","48","47","292","48"
"840","132","131","799","132"
"841","175","174","1016","175"
"842","130","129","757","130"
"843","328","328","1780","329"
"844","124","123","731","124"
"845","390","389","2130","390"
"846","128","128","716","129"
"847","256","255","1744","256"
"848","63","62","328","63"
"849","142","142","738","143"
"850","204","204","1128","205"
"851","405","405","2140","406"
"852","72","72","384","73"
"853","102","102","556","103"
"854","70","70","402","71"
"855","517","517","3075","518"
"856","294","294","1543","295"
"857","229","228","1276","229"
"858","614","614","3644","615"
"859","80","80","417","81"
"860","92","92","489","93"
"861","271","271","1609","272"
"862","53","53","355","54"
"863","373","372","1892","373"
"864","82","81","481","82"
"865","384","384","2167","385"
"866","692","691","3944","692"
"867","79","79","441","80"
"868","359","359","1788","360"
"869","90","89","483","90"
"870","186","186","1170","187"
"871","155","154","872","155"
"872","91","91","483","92"
"873","40","39","234","40"
"874","54","54","313","55"
"875","47","47","253","48"
"876","280","280","1643","281"
"877","86","86","464","87"
"878","382","381","2091","382"
"879","566","565","3081","566"
"880","101","100","545","101"
"881","20","19","105","20"
"882","29","29","236","30"
"883","149","148","784","149"
"884","45","45","236","46"
"885","377","377","2161","378"
"886","235","235","1496","236"
"887","69","69","388","70"
"888","281","281","1791","282"
"889","168","167","947","168"
"890","120","121","670","122"
"891","128","127","716","128"
"892","183","183","1130","184"
"893","2438","2437","15132","2438"
"894","79","79","501","80"
"895","151","150","927","151"
"896","399","398","2359","399"
"897","233","233","1381","234"
"898","32","32","184","33"
"899","77","76","372","77"
"900","127","126","662","127"
"901","146","145","773","146"
"902","169","168","947","169"
"903","95","94","494","95"
"904","372","371","1888","372"
"905","244","243","1197","244"
"906","82","81","396","82"
"907","142","141","754","142"
"908","243","242","1291","243"
"909","53","53","297","54"
"910","112","111","609","112"
"911","268","267","1363","268"
"912","373","373","1937","374"
"913","451","450","2621","451"
"914","237","236","1603","237"
"915","56","55","290","56"
"916","502","502","2661","503"
"917","100","100","492","101"
"918","99","98","529","99"
"919","35","34","180","35"
"920","117","116","598","117"
"921","157","156","808","157"
"922","145","145","829","146"
"923","150","150","919","151"
"924","83","83","456","84"
"925","239","239","1325","240"
"926","391","391","2128","392"
"927","136","136","772","137"
"928","65","66","365","67"
"929","170","170","972","171"
"930","147","149","825","150"
"931","2930","2929","19152","2930"
"932","269","269","1463","270"
"933","60","59","402","60"
"934","3003","3002","19562","3003"
"935","101","100","591","101"
"936","3043","3042","19820","3043"
"937","248","247","1434","248"
"938","850","849","5253","850"
"939","265","265","1425","266"
"940","243","242","1251","243"
"941","1076","1075","6201","1076"
"942","6337","6336","35669","6337"
"943","2098","2098","11623","2099"
"944","182","182","1004","183"
"945","231","231","1210","232"
"946","104","105","641","106"
"947","219","219","1151","220"
"948","433","432","2659","433"
"949","150","150","760","151"
"950","276","277","1474","278"
"951","162","163","890","164"
"952","204","204","1057","205"
"953","115","116","689","117"
"954","206","207","1081","208"
"955","323","323","1751","324"
"956","432","434","2428","435"
"957","155","156","857","157"
"958","1147","1147","6176","1148"
"959","67","68","400","69"
"960","203","204","1100","205"
"961","125","125","674","126"
"962","265","266","1458","267"
"963","434","434","2341","435"
"964","246","246","1373","247"
"965","425","426","2344","427"
"966","193","193","1025","194"
"967","401","401","2232","402"
"968","284","284","1530","285"
"969","345","346","1881","347"
"970","184","185","1003","186"
"971","129","129","760","130"
"972","236","237","1346","238"
"973","637","638","3452","639"
"974","133","133","750","134"
"975","92","92","512","93"
"976","90","90","498","91"
"977","126","127","698","128"
"978","68","69","396","70"
"979","254","255","1302","256"
"980","108","108","594","109"
"981","216","217","1134","218"
"982","141","142","737","143"
"983","81","82","458","83"
"984","120","121","664","122"
"985","64","65","372","66"
"986","154","153","755","154"
"987","224","224","1244","225"
"988","82","82","440","83"
"989","159","159","871","160"
"990","214","215","1160","216"
"991","77","78","495","79"
"992","359","359","1989","360"
"993","161","161","858","162"
"994","67","68","437","69"
"995","124","125","688","126"
"996","140","141","841","142"
"997","136","136","717","137"
"998","153","153","847","154"
"999","238","238","1293","239"
"1000","183","184","990","185"
"1001","213","213","1189","214"
"1002","293","294","1611","295"
"1003","144","143","738","144"
"1004","274","275","1514","276"
"1005","269","270","1878","271"
"1006","111","112","607","113"
"1007","169","169","939","170"
"1008","183","184","1045","185"
"1009","248","248","1344","249"
"1010","177","177","919","178"
"1011","116","117","636","118"
"1012","380","381","1989","382"
"1013","135","136","757","137"
"1014","264","264","1410","265"
"1015","128","129","697","130"
"1016","98","99","572","100"
"1017","200","201","1052","202"
"1018","383","384","2080","385"
"1019","177","178","1016","179"
"1020","274","274","1532","275"
"1021","128","129","821","130"
"1022","192","192","1064","193"
"1023","221","221","1284","222"
"1024","245","246","1377","247"
"1025","305","306","1679","307"
"1026","50","50","329","51"
"1027","163","163","896","164"
"1028","49","49","330","50"
"1029","82","81","437","82"
"1030","165","165","1166","166"
"1031","441","442","2380","443"
"1032","75","75","516","76"
"1033","36","36","265","37"
"1034","124","125","709","126"
"1035","171","171","940","172"
"1036","254","254","1406","255"
"1037","168","168","889","169"
"1038","142","142","828","143"
"1039","233","233","1272","234"
"1040","215","215","1251","216"
"1041","320","321","1899","322"
"1042","175","175","977","176"
"1043","442","444","2614","445"
"1044","146","146","879","147"
"1045","707","706","4054","707"
"1046","603","603","3240","604"
"1047","244","244","1341","245"
"1048","189","189","1096","190"
"1049","55","55","341","56"
"1050","622","622","3503","623"
"1051","47","47","307","48"
"1052","60","61","438","62"
"1053","125","126","753","127"
"1054","128","128","728","129"
"1055","127","127","742","128"
"1056","201","201","1175","202"
"1057","69","69","392","70"
"1058","162","162","1123","163"
"1059","78","78","525","79"
"1060","68","68","434","69"
"1061","87","88","510","89"
"1062","221","222","1249","223"
"1063","201","202","1114","203"
"1064","150","150","820","151"
"1065","34","33","173","34"
"1066","104","104","620","105"
"1067","106","105","525","106"
"1068","128","128","772","129"
"1069","133","132","729","133"
"1070","124","124","654","125"
"1071","288","288","1604","289"
"1072","364","365","2064","366"
"1073","222","223","1216","224"
"1074","230","230","1393","231"
"1075","175","175","1119","176"
"1076","447","447","2730","448"
"1077","133","133","839","134"
"1078","161","162","1045","163"
"1079","104","104","614","105"
"1080","82","82","559","83"
"1081","185","186","1123","187"
"1082","147","147","949","148"
"1083","50","50","296","51"
"1084","387","387","2175","388"
"1085","208","208","1126","209"
"1086","185","185","1060","186"
"1087","91","91","571","92"
"1088","96","96","582","97"
"1089","91","91","543","92"
"1090","156","156","910","157"
"1091","100","100","647","101"
"1092","91","91","605","92"
"1093","136","136","887","137"
"1094","255","254","1497","255"
"1095","322","322","1957","323"
"1096","123","122","655","123"
"1097","91","91","552","92"
"1098","136","136","781","137"
"1099","234","234","1373","235"
"1100","122","122","712","123"
"1101","62","62","399","63"
"1102","142","142","878","143"
"1103","95","96","531","97"
"1104","172","172","969","173"
"1105","111","111","701","112"
"1106","70","70","415","71"
"1107","59","59","400","60"
"1108","226","226","1258","227"
"1109","69","70","427","71"
"1110","246","246","1443","247"
"1111","57","57","363","58"
"1112","119","119","631","120"
"1113","227","227","1239","228"
"1114","97","97","583","98"
"1115","42","42","276","43"
"1116","56","56","353","57"
"1117","145","145","839","146"
"1118","116","116","738","117"
"1119","241","241","1444","242"
"1120","137","139","842","140"
"1121","71","71","420","72"
"1122","273","274","1532","275"
"1123","453","454","2583","455"
"1124","165","166","977","167"
"1125","282","283","1584","284"
"1126","397","398","2199","399"
"1127","264","264","1685","265"
"1128","500","500","3349","501"
"1129","328","328","2015","329"
"1130","222","222","1375","223"
"1131","484","485","2814","486"
"1132","320","320","1689","321"
"1133","292","293","1586","294"
"1134","191","192","1064","193"
"1135","80","81","479","82"
"1136","177","177","969","178"
"1137","169","168","883","169"
"1138","95","96","552","97"
"1139","89","90","515","91"
"1140","214","214","1182","215"
"1141","475","476","2880","477"
"1142","231","232","1521","233"
"1143","50","51","304","52"
"1144","150","151","1003","152"
"1145","142","143","822","144"
"1146","213","214","1162","215"
"1147","87","87","516","88"
"1148","147","147","832","148"
"1149","116","116","595","117"
"1150","183","184","949","185"
"1151","91","92","494","93"
"1152","218","217","1144","218"
"1153","78","79","488","80"
"1154","93","94","560","95"
"1155","250","251","1383","252"
"1156","134","135","760","136"
"1157","144","145","816","146"
"1158","212","212","1107","213"
"1159","126","126","654","127"
"1160","369","370","2157","371"
"1161","813","814","4319","815"
"1162","205","205","1073","206"
"1163","175","176","1217","177"
"1164","278","278","1516","279"
"1165","318","319","1765","320"
"1166","282","282","1734","283"
"1167","143","143","743","144"
"1168","101","101","535","102"
"1169","151","152","855","153"
"1170","201","201","1109","202"
"1171","62","63","379","64"
"1172","127","127","727","128"
"1173","55","56","326","57"
"1174","219","220","1220","221"
"1175","101","102","570","103"
"1176","360","361","2024","362"
"1177","160","161","919","162"
"1178","327","327","1844","328"
"1179","91","92","547","93"
"1180","56","56","340","57"
"1181","66","66","371","67"
"1182","108","108","654","109"
"1183","251","250","1447","251"
"1184","193","193","1079","194"
"1185","204","204","1183","205"
"1186","147","147","865","148"
"1187","150","152","985","153"
"1188","69","69","445","70"
"1189","157","157","815","158"
"1190","170","170","995","171"
"1191","326","326","1954","327"
"1192","147","147","885","148"
"1193","160","160","1033","161"
"1194","238","239","1364","240"
"1195","47","47","306","48"
"1196","158","158","853","159"
"1197","80","80","515","81"
"1198","327","328","1842","329"
"1199","63","63","426","64"
"1200","244","244","1435","245"
"1201","153","153","861","154"
"1202","84","84","465","85"
"1203","167","167","885","168"
"1204","228","228","1297","229"
"1205","86","86","527","87"
"1206","214","214","1272","215"
"1207","63","63","356","64"
"1208","212","213","1137","214"
"1209","75","75","455","76"
"1210","215","215","1291","216"
"1211","166","166","887","167"
"1212","162","162","931","163"
"1213","150","150","870","151"
"1214","260","260","1386","261"
"1215","481","482","2452","483"
"1216","236","235","1224","236"
"1217","237","237","1348","238"
"1218","294","294","1625","295"
"1219","130","130","754","131"
"1220","231","231","1305","232"
"1221","145","145","829","146"
"1222","227","227","1243","228"
"1223","321","321","1735","322"
"1224","408","408","2205","409"
"1225","132","131","739","132"
"1226","116","116","620","117"
"1227","260","260","1501","261"
"1228","133","133","756","134"
"1229","62","62","362","63"
"1230","142","142","839","143"
"1231","294","295","1615","296"
"1232","100","100","610","101"
"1233","122","121","679","122"
"1234","113","113","718","114"
"1235","117","117","623","118"
"1236","111","111","659","112"
"1237","74","74","470","75"
"1238","144","144","745","145"
"1239","163","163","940","164"
"1240","98","98","565","99"
"1241","109","109","700","110"
"1242","20","20","140","21"
"1243","130","130","735","131"
"1244","161","161","897","162"
"1245","134","134","783","135"
"1246","183","184","1064","185"
"1247","260","261","1445","262"
"1248","652","653","3847","654"
"1249","240","240","1378","241"
"1250","287","287","1471","288"
"1251","120","120","700","121"
"1252","53","53","326","54"
"1253","146","146","856","147"
"1254","232","232","1346","233"
"1255","131","131","770","132"
"1256","344","344","1822","345"
"1257","208","208","1195","209"
"1258","28","28","223","29"
"1259","84","84","520","85"
"1260","143","143","825","144"
"1261","118","118","699","119"
"1262","35","35","232","36"
"1263","150","150","879","151"
"1264","38","38","255","39"
"1265","60","60","376","61"
"1266","124","125","781","126"
"1267","35","35","223","36"
"1268","105","105","614","106"
"1269","139","139","801","140"
"1270","130","130","697","131"
"1271","249","249","1323","250"
"1272","836","837","5609","838"
"1273","155","155","975","156"
"1274","310","310","1632","311"
"1275","250","250","1369","251"
"1276","215","216","1366","217"
"1277","114","114","643","115"
"1278","126","126","705","127"
"1279","53","53","327","54"
"1280","26","26","192","27"
"1281","113","113","660","114"
"1282","86","86","541","87"
"1283","70","70","430","71"
"1284","163","163","907","164"
"1285","102","102","613","103"
"1286","409","409","2289","410"
"1287","277","278","1632","279"
"1288","366","368","2162","369"
"1289","310","310","1720","311"
"1290","285","286","1932","287"
"1291","157","157","861","158"
"1292","96","96","606","97"
"1293","246","247","1397","248"
"1294","172","171","1048","172"
"1295","75","75","467","76"
"1296","142","142","811","143"
"1297","152","152","890","153"
"1298","171","171","999","172"
"1299","148","148","823","149"
"1300","171","171","886","172"
"1301","47","47","334","48"
"1302","218","218","1292","219"
"1303","591","592","3830","593"
"1304","80","80","524","81"
"1305","116","116","739","117"
"1306","150","151","865","152"
"1307","116","116","667","117"
"1308","1044","1046","5901","1047"
"1309","88","87","494","88"
"1310","80","80","487","81"
"1311","83","84","481","85"
"1312","231","231","1298","232"
"1313","198","198","1075","199"
"1314","216","215","1165","216"
"1315","172","173","1102","174"
"1316","174","174","981","175"
"1317","136","137","749","138"
"1318","193","193","1034","194"
"1319","152","152","863","153"
"1320","204","206","1246","207"
"1321","283","283","1516","284"
"1322","241","242","1336","243"
"1323","75","76","456","77"
"1324","148","149","914","150"
"1325","104","104","609","105"
"1326","170","171","992","172"
"1327","198","201","1112","202"
"1328","121","124","704","125"
"1329","47","47","289","48"
"1330","174","174","1158","175"
"1331","93","94","545","95"
"1332","126","129","736","130"
"1333","78","77","427","78"
"1334","92","91","493","92"
"1335","80","80","415","81"
"1336","147","146","802","147"
"1337","292","292","1821","293"
"1338","401","402","2470","403"
"1339","200","202","1081","203"
"1340","46","46","312","47"
"1341","56","57","361","58"
"1342","130","130","801","131"
"1343","124","125","838","126"
"1344","101","101","612","102"
"1345","153","154","912","155"
"1346","61","61","450","62"
"1347","138","138","1002","139"
"1348","202","204","1223","205"
"1349","170","169","863","170"
"1350","99","99","565","100"
"1351","483","483","2888","484"
"1352","220","221","1396","222"
"1353","156","155","934","156"
"1354","101","101","624","102"
"1355","73","74","479","75"
"1356","251","252","1422","253"
"1357","113","113","660","114"
"1358","115","114","719","115"
"1359","281","282","1540","283"
"1360","287","288","1854","289"
"1361","130","130","758","131"
"1362","245","245","1455","246"
"1363","147","147","1001","148"
"1364","284","284","1518","285"
"1365","134","135","894","136"
"1366","508","508","3076","509"
"1367","73","73","446","74"
"1368","152","152","1002","153"
"1369","216","216","1199","217"
"1370","166","166","951","167"
"1371","1706","1710","11075","1711"
"1372","82","83","513","84"
"1373","202","202","1202","203"
"1374","173","174","1054","175"
"1375","520","521","2938","522"
"1376","69","69","440","70"
"1377","286","286","1615","287"
"1378","672","673","3836","674"
"1379","100","100","643","101"
"1380","169","169","973","170"
"1381","146","147","836","148"
"1382","247","248","1408","249"
"1383","433","433","2398","434"
"1384","229","230","1286","231"
"1385","153","153","869","154"
"1386","123","123","677","124"
"1387","148","148","1057","149"
"1388","114","114","657","115"
"1389","154","154","956","155"
"1390","182","183","1036","184"
"1391","89","89","546","90"
"1392","156","155","861","156"
"1393","81","80","423","81"
"1394","25","24","141","25"
"1395","406","405","2133","406"
"1396","218","219","1259","220"
"1397","62","61","378","62"
"1398","115","115","687","116"
"1399","208","208","1164","209"
"1400","105","105","590","106"
"1401","156","156","863","157"
"1402","174","175","1022","176"
"1403","157","156","830","157"
"1404","108","109","623","110"
"1405","187","187","1039","188"
"1406","112","111","646","112"
"1407","263","262","1424","263"
"1408","116","116","754","117"
"1409","101","101","731","102"
"1410","174","174","1102","175"
"1411","363","363","1986","364"
"1412","335","335","1879","336"
"1413","197","197","1079","198"
"1414","325","325","1745","326"
"1415","78","77","381","78"
"1416","39","38","215","39"
"1417","364","363","1882","364"
"1418","37","36","187","37"
"1419","238","238","1195","239"
"1420","320","320","1660","321"
"1421","344","344","1851","345"
"1422","238","238","1250","239"
"1423","202","202","1451","203"
"1424","114","114","606","115"
"1425","126","125","736","126"
"1426","104","105","646","106"
"1427","200","200","1117","201"
"1428","57","57","420","58"
"1429","72","73","456","74"
"1430","89","90","536","91"
"1431","98","97","528","98"
"1432","193","193","945","194"
"1433","168","169","1068","170"
"1434","175","175","998","176"
"1435","243","243","1611","244"
"1436","44","43","242","44"
"1437","187","187","1207","188"
"1438","68","68","403","69"
"1439","115","116","694","117"
"1440","226","227","1227","228"
"1441","87","88","555","89"
"1442","142","142","810","143"
"1443","224","224","1401","225"
"1444","60","60","360","61"
"1445","41","41","266","42"
"1446","138","137","716","138"
"1447","152","152","868","153"
"1448","108","107","574","108"
"1449","130","131","766","132"
"1450","281","281","1622","282"
"1451","142","142","843","143"
"1452","137","137","841","138"
"1453","94","94","558","95"
"1454","80","81","499","82"
"1455","44","45","311","46"
"1456","290","289","1522","290"
"1457","344","344","1906","345"
"1458","59","60","388","61"
"1459","111","111","676","112"
"1460","259","260","1679","261"
"1461","179","180","1144","181"
"1462","56","56","362","57"
"1463","179","179","1101","180"
"1464","279","280","1598","281"
"1465","116","117","727","118"
"1466","238","238","1376","239"
"1467","246","248","1615","249"
"1468","244","243","1389","244"
"1469","345","344","1786","345"
"1470","207","208","1190","209"
"1471","82","85","527","86"
"1472","203","204","1126","205"
"1473","375","374","2078","375"
"1474","232","231","1494","232"
"1475","102","102","632","103"
"1476","195","194","982","195"
"1477","49","50","328","51"
"1478","104","104","621","105"
"1479","97","97","618","98"
"1480","137","140","796","141"
"1481","136","136","839","137"
"1482","137","137","769","138"
"1483","47","47","315","48"
"1484","152","152","971","153"
"1485","266","265","1578","266"
"1486","72","71","386","72"
"1487","155","154","837","155"
"1488","201","200","1074","201"
"1489","151","151","790","152"
"1490","148","148","813","149"
"1491","96","95","569","96"
"1492","96","97","590","98"
"1493","74","74","369","75"
"1494","154","154","909","155"
"1495","177","177","975","178"
"1496","89","90","575","91"
"1497","89","90","566","91"
"1498","87","88","529","89"
"1499","76","77","450","78"
"1500","279","280","1673","281"
"1501","143","144","901","145"
"1502","274","276","1685","277"
"1503","429","430","2448","431"
"1504","86","85","435","86"
"1505","92","92","539","93"
"1506","184","183","981","184"
"1507","18","17","106","18"
"1508","171","172","981","173"
"1509","131","130","744","131"
"1510","41","40","206","41"
"1511","246","245","1485","246"
"1512","172","174","1148","175"
"1513","140","140","1044","141"
"1514","462","462","3164","463"
"1515","126","126","934","127"
"1516","206","206","1561","207"
"1517","436","436","2970","437"
"1518","87","88","545","89"
"1519","83","84","533","85"
"1520","104","105","659","106"
"1521","203","204","1120","205"
"1522","503","504","2937","505"
"1523","72","73","501","74"
"1524","81","82","544","83"
"1525","64","65","468","66"
"1526","73","74","513","75"
"1527","160","161","1011","162"
"1528","77","78","529","79"
"1529","1136","1137","8401","1138"
"1530","99","100","583","101"
"1531","356","357","2359","358"
"1532","202","201","992","202"
"1533","91","91","560","92"
"1534","66","66","456","67"
"1535","141","142","813","143"
"1536","79","79","449","80"
"1537","214","214","1120","215"
"1538","123","124","762","125"
"1539","161","162","888","163"
"1540","107","108","654","109"
"1541","159","160","914","161"
"1542","17","16","106","17"
"1543","63","63","386","64"
"1544","90","91","557","92"
"1545","296","296","1730","297"
"1546","356","356","2040","357"
"1547","193","194","1108","195"
"1548","140","140","756","141"
"1549","91","91","516","92"
"1550","145","145","807","146"
"1551","320","320","1736","321"
"1552","445","446","2443","447"
"1553","67","67","405","68"
"1554","1987","1987","12626","1988"
"1555","231","231","1281","232"
"1556","79","79","463","80"
"1557","146","147","895","148"
"1558","94","93","579","94"
"1559","524","526","3183","527"
"1560","92","92","531","93"
"1561","259","259","1443","260"
"1562","142","142","829","143"
"1563","192","192","1092","193"
"1564","110","110","628","111"
"1565","115","114","659","115"
"1566","331","333","1855","334"
"1567","80","79","455","80"
"1568","229","230","1369","231"
"1569","270","271","1495","272"
"1570","123","122","763","123"
"1571","152","151","893","152"
"1572","203","203","1209","204"
"1573","212","213","1217","214"
"1574","73","73","442","74"
"1575","153","153","859","154"
"1576","355","356","2066","357"
"1577","143","143","810","144"
"1578","154","154","870","155"
"1579","197","198","1126","199"
"1580","212","213","1206","214"
"1581","94","94","515","95"
"1582","58","58","341","59"
"1583","173","173","953","174"
"1584","922","922","6130","923"
"1585","110","110","648","111"
"1586","112","112","599","113"
"1587","50","50","328","51"
"1588","70","70","430","71"
"1589","138","139","865","140"
"1590","200","200","1026","201"
"1591","306","305","1668","306"
"1592","69","70","408","71"
"1593","121","122","760","123"
"1594","133","134","838","135"
"1595","216","217","1281","218"
"1596","286","287","1692","288"
"1597","104","104","603","105"
"1598","112","113","664","114"
"1599","59","59","371","60"
"1600","136","136","861","137"
"1601","145","146","876","147"
"1602","84","84","450","85"
"1603","127","127","782","128"
"1604","93","94","549","95"
"1605","183","183","1093","184"
"1606","236","236","1406","237"
"1607","162","162","924","163"
"1608","84","84","588","85"
"1609","152","152","1042","153"
"1610","416","415","2567","416"
"1611","212","212","1231","213"
"1612","98","99","725","100"
"1613","119","119","674","120"
"1614","143","143","792","144"
"1615","271","271","1508","272"
"1616","198","198","1131","199"
"1617","165","165","951","166"
"1618","520","519","3015","520"
"1619","193","192","1053","193"
"1620","959","958","5541","959"
"1621","122","121","729","122"
"1622","244","243","1210","244"
"1623","135","135","792","136"
"1624","654","655","3796","656"
"1625","115","115","672","116"
"1626","476","475","2693","476"
"1627","710","710","4229","711"
"1628","224","223","1300","224"
"1629","215","215","1211","216"
"1630","444","443","2399","444"
"1631","529","528","3107","529"
"1632","331","330","1943","331"
"1633","135","134","740","135"
"1634","458","457","2516","458"
"1635","250","249","1334","250"
"1636","68","68","369","69"
"1637","96","95","515","96"
"1638","117","117","573","118"
"1639","85","85","456","86"
"1640","173","173","923","174"
"1641","280","279","1507","280"
"1642","53","53","273","54"
"1643","197","196","1052","197"
"1644","455","455","2378","456"
"1645","203","203","1041","204"
"1646","362","362","1920","363"
"1647","203","203","1163","204"
"1648","218","217","1177","218"
"1649","204","204","1111","205"
"1650","206","206","1147","207"
"1651","104","104","529","105"
"1652","72","72","360","73"
"1653","137","136","756","137"
"1654","238","238","1259","239"
"1655","484","483","2528","484"
"1656","113","113","599","114"
"1657","133","132","723","133"
"1658","576","576","3278","577"
"1659","205","205","1014","206"
"1660","97","97","488","98"
"1661","480","479","2453","480"
"1662","390","390","2094","391"
"1663","350","349","1894","350"
"1664","78","78","451","79"
"1665","116","115","658","116"
"1666","204","204","1088","205"
"1667","312","311","1722","312"
"1668","107","107","537","108"
"1669","132","132","665","133"
"1670","102","102","562","103"
"1671","193","193","1063","194"
"1672","208","208","1172","209"
"1673","304","303","1708","304"
"1674","112","112","634","113"
"1675","288","287","1656","288"
"1676","42","42","240","43"
"1677","125","125","649","126"
"1678","73","73","401","74"
"1679","688","688","3887","689"
"1680","318","318","1712","319"
"1681","168","168","836","169"
"1682","107","107","556","108"
"1683","835","835","5392","836"
"1684","159","159","883","160"
"1685","85","85","421","86"
"1686","159","159","830","160"
"1687","30","30","159","31"
"1688","137","136","690","137"
"1689","65","65","366","66"
"1690","117","117","596","118"
"1691","46","46","237","47"
"1692","24","24","133","25"
"1693","47","46","248","47"
"1694","220","219","1175","220"
"1695","173","173","926","174"
"1696","118","118","614","119"
"1697","100","100","501","101"
"1698","64","64","335","65"
"1699","58","58","316","59"
"1700","28","28","125","29"
"1701","72","72","353","73"
"1702","144","143","714","144"
"1703","151","151","753","152"
"1704","473","473","2731","474"
"1705","699","699","4056","700"
"1706","129","129","685","130"
"1707","201","200","1349","201"
"1708","174","174","890","175"
"1709","31","30","181","31"
"1710","57","57","362","58"
"1711","97","97","528","98"
"1712","316","316","1672","317"
"1713","2207","2207","13418","2208"
"1714","486","486","2529","487"
"1715","1483","1483","8275","1484"
"1716","538","538","3124","539"
"1717","148","148","810","149"
"1718","124","123","735","124"
"1719","223","223","1227","224"
"1720","474","473","2853","474"
"1721","165","165","840","166"
"1722","84","84","426","85"
"1723","245","245","1254","246"
"1724","211","211","1103","212"
"1725","47","46","279","47"
"1726","102","102","606","103"
"1727","239","238","1382","239"
"1728","44","44","231","45"
"1729","488","488","2985","489"
"1730","93","92","501","93"
"1731","194","194","961","195"
"1732","428","428","2222","429"
"1733","64","64","336","65"
"1734","56","56","291","57"
"1735","41","41","217","42"
"1736","98","98","552","99"
"1737","61","61","381","62"
"1738","216","216","1170","217"
"1739","37","37","174","38"
"1740","278","278","1438","279"
"1741","179","178","931","179"
"1742","65","65","364","66"
"1743","783","783","4384","784"
"1744","415","414","2619","415"
"1745","442","442","2726","443"
"1746","109","109","638","110"
"1747","170","170","954","171"
"1748","89","89","465","90"
"1749","398","398","2251","399"
"1750","994","994","6163","995"
"1751","348","347","2065","348"
"1752","91","90","464","91"
"1753","84","83","464","84"
"1754","823","823","4840","824"
"1755","254","254","1329","255"
"1756","58","58","283","59"
"1757","149","149","782","150"
"1758","71","71","386","72"
"1759","127","127","655","128"
"1760","287","287","1791","288"
"1761","93","92","554","93"
"1762","235","234","1380","235"
"1763","118","118","690","119"
"1764","259","259","1400","260"
"1765","179","178","1052","179"
"1766","99","98","588","99"
"1767","160","160","860","161"
"1768","77","76","441","77"
"1769","151","150","878","151"
"1770","77","76","441","77"
"1771","157","156","908","157"
"1772","75","74","425","75"
"1773","177","176","960","177"
"1774","222","221","1334","222"
"1775","98","97","588","98"
"1776","107","106","636","107"
"1777","305","304","1820","305"
"1778","74","73","426","74"
"1779","151","150","835","151"
"1780","135","135","758","136"
"1781","81","80","481","81"
"1782","132","131","785","132"
"1783","79","78","444","79"
"1784","165","164","936","165"
"1785","77","76","448","77"
"1786","209","208","1180","209"
"1787","80","79","455","80"
"1788","135","134","784","135"
"1789","111","110","651","111"
"1790","359","358","2029","359"
"1791","207","207","1196","208"
"1792","77","76","443","77"
"1793","154","153","865","154"
"1794","262","262","1430","263"
"1795","284","284","1639","285"
"1796","81","80","457","81"
"1797","208","207","1108","208"
"1798","75","74","438","75"
"1799","138","137","786","138"
"1800","77","76","437","77"
"1801","149","148","838","149"
"1802","99","98","584","99"
"1803","320","319","1725","320"
"1804","79","78","461","79"
"1805","128","127","757","128"
"1806","81","80","481","81"
"1807","136","135","806","136"
"1808","138","137","784","138"
"1809","74","73","428","74"
"1810","544","544","2502","545"
"1811","93","92","557","93"
"1812","187","186","1137","187"
"1813","168","168","906","169"
"1814","94","94","480","95"
"1815","77","77","412","78"
"1816","167","166","930","167"
"1817","166","165","960","166"
"1818","158","158","809","159"
"1819","69","69","383","70"
"1820","73","73","399","74"
"1821","93","92","533","93"
"1822","268","267","1461","268"
"1823","118","117","707","118"
"1824","163","162","837","163"
"1825","137","136","711","137"
"1826","166","166","896","167"
"1827","27","26","149","27"
"1828","144","151","852","152"
"1829","21","20","119","21"
"1830","22","22","122","23"
"1831","110","110","638","111"
"1832","22","21","128","22"
"1833","179","179","1030","180"
"1834","91","90","447","91"
"1835","58","58","325","59"
"1836","143","142","739","143"
"1837","197","196","1161","197"
"1838","24","23","137","24"
"1839","94","93","524","94"
"1840","36","35","195","36"
"1841","172","171","870","172"
"1842","37","36","214","37"
"1843","37","36","214","37"
"1844","235","234","1374","235"
"1845","21","20","116","21"
"1846","41","41","250","42"
"1847","20","19","113","20"
"1848","23","22","119","23"
"1849","62","61","312","62"
"1850","22","22","122","23"
"1851","52","52","317","53"
"1852","67","66","366","67"
"1853","58","57","280","58"
"1854","56","57","306","58"
"1855","373","372","2061","373"
"1856","338","337","1891","338"
"1857","34","34","195","35"
"1858","91","90","443","91"
"1859","143","143","794","144"
"1860","19","18","109","19"
"1861","423","422","2299","423"
"1862","53","52","274","53"
"1863","105","105","560","106"
"1864","23","22","130","23"
"1865","143","142","853","143"
"1866","228","227","1266","228"
"1867","309","308","1693","309"
"1868","24","24","118","25"
"1869","23","22","127","23"
"1870","33","33","178","34"
"1871","48","47","265","48"
"1872","58","57","315","58"
"1873","21","20","120","21"
"1874","35","34","207","35"
"1875","36","35","191","36"
"1876","19","18","115","19"
"1877","50","49","296","50"
"1878","19","18","116","19"
"1879","27","26","143","27"
"1880","28","27","162","28"
"1881","118","117","648","118"
"1882","60","59","339","60"
"1883","81","80","407","81"
"1884","31","30","171","31"
"1885","155","155","833","156"
"1886","60","60","362","61"
"1887","175","174","1001","175"
"1888","58","57","313","58"
"1889","207","207","1205","208"
"1890","125","125","652","126"
"1891","132","132","744","133"
"1892","93","92","525","93"
"1893","223","222","1228","223"
"1894","88","88","456","89"
"1895","117","117","696","118"
"1896","110","110","658","111"
"1897","81","81","506","82"
"1898","45","45","256","46"
"1899","188","187","1059","188"
"1900","86","85","505","86"
"1901","21","20","125","21"
"1902","38","37","235","38"
"1903","51","50","287","51"
"1904","25","24","144","25"
"1905","41","40","219","41"
"1906","142","142","829","143"
"1907","36","35","206","36"
"1908","51","50","281","51"
"1909","184","184","1016","185"
"1910","115","115","644","116"
"1911","92","91","449","92"
"1912","110","110","682","111"
"1913","19","19","102","20"
"1914","23","22","122","23"
"1915","264","263","1309","264"
"1916","64","63","351","64"
"1917","64","63","388","64"
"1918","26","25","139","26"
"1919","47","46","243","47"
"1920","28","27","169","28"
"1921","47","46","265","47"
"1922","167","168","908","169"
"1923","27","26","145","27"
"1924","114","113","601","114"
"1925","52","51","319","52"
"1926","73","72","387","73"
"1927","227","227","1321","228"
"1928","532","531","2935","532"
"1929","476","475","2637","476"
"1930","43","43","242","44"
"1931","61","61","359","62"
"1932","488","487","2689","488"
"1933","101","101","604","102"
"1934","792","792","4204","793"
"1935","157","156","835","157"
"1936","289","289","1603","290"
"1937","226","225","1291","226"
"1938","161","160","954","161"
"1939","351","350","1932","351"
"1940","13","12","83","13"
"1941","12","11","81","12"
"1942","13","12","89","13"
"1943","397","398","2104","399"
"1944","13","12","83","13"
"1945","429","428","2082","429"
"1946","13","12","83","13"
"1947","49","48","290","49"
"1948","12","11","84","12"
"1949","36","35","215","36"
"1950","85","84","533","85"
"1951","37","36","231","37"
"1952","14","13","90","14"
"1953","99","98","678","99"
"1954","6","5","30","6"
"1955","177","178","1097","179"
"1956","6","5","30","6"
"1957","6","5","30","6"
"1958","6","5","30","6"
"1959","6","5","30","6"
"1960","6","5","30","6"
"1961","52","51","268","52"
"1962","6","5","30","6"
"1963","23","22","145","23"
"1964","53","52","293","53"
"1965","29","28","164","29"
"1966","24","23","152","24"
"1967","25","24","154","25"
"1968","22","21","139","22"
"1969","25","24","141","25"
"1970","28","27","157","28"
"1971","26","25","156","26"
"1972","25","24","146","25"
"1973","28","27","159","28"
"1974","22","21","138","22"
"1975","24","23","145","24"
"1976","24","23","143","24"
"1977","25","24","151","25"
"1978","25","24","143","25"
"1979","25","24","154","25"
"1980","25","24","154","25"
"1981","25","24","145","25"
"1982","28","27","155","28"
"1983","26","25","143","26"
"1984","21","20","142","21"
"1985","25","24","158","25"
"1986","32","31","177","32"
"1987","22","21","137","22"
"1988","24","23","142","24"
"1989","27","26","159","27"
"1990","631","631","3551","632"
"1991","30","29","197","30"
"1992","29","28","167","29"
"1993","50","49","282","50"
"1994","52","51","277","52"
"1995","13","12","87","13"
"1996","14","13","89","14"
"1997","52","51","278","52"
"1998","52","51","292","52"
"1999","12","11","86","12"
"2000","13","12","84","13"
"2001","11","10","72","11"
"2002","13","12","83","13"
"2003","83","82","485","83"
"2004","12","11","86","12"
"2005","82","81","506","82"
"2006","13","12","87","13"
"2007","53","52","256","53"
"2008","102","101","648","102"
"2009","27","26","163","27"
"2010","6","5","30","6"
"2011","37","36","211","37"
"2012","15","14","94","15"
"2013","12","11","83","12"
"2014","244","244","1360","245"
"2015","165","165","965","166"
"2016","13","12","85","13"
"2017","13","12","87","13"
"2018","14","13","86","14"
"2019","13","12","92","13"
"2020","13","12","92","13"
"2021","91","90","474","91"
"2022","13","12","81","13"
"2023","13","12","81","13"
"2024","12","11","86","12"
"2025","13","12","81","13"
"2026","12","11","84","12"
"2027","49","48","240","49"
"2028","58","57","353","58"
"2029","12","11","78","12"
"2030","52","51","280","52"
"2031","14","13","93","14"
"2032","24","23","143","24"
"2033","89","88","452","89"
"2034","93","92","548","93"
"2035","94","93","515","94"
"2036","55","54","307","55"
"2037","24","23","147","24"
"2038","90","89","479","90"
"2039","33","32","189","33"
"2040","24","23","159","24"
"2041","25","24","145","25"
"2042","19","18","131","19"
"2043","57","56","320","57"
"2044","30","29","180","30"
"2045","93","92","505","93"
"2046","60","59","337","60"
"2047","27","26","160","27"
"2048","44","43","265","44"
"2049","93","92","548","93"
"2050","23","22","130","23"
"2051","94","93","515","94"
"2052","58","57","353","58"
"2053","95","94","431","95"
"2054","35","34","193","35"
"2055","89","88","452","89"
"2056","32","31","182","32"
"2057","14","13","94","14"
"2058","134","133","701","134"
"2059","272","271","1542","272"
"2060","224","223","1267","224"
"2061","44","44","251","45"
"2062","17","16","105","17"
"2063","22","21","138","22"
"2064","28","27","174","28"
"2065","21","20","142","21"
"2066","23","22","149","23"
"2067","66","65","412","66"
"2068","28","27","184","28"
"2069","35","34","193","35"
"2070","58","57","353","58"
"2071","29","28","179","29"
"2072","89","88","452","89"
"2073","90","89","479","90"
"2074","31","30","179","31"
"2075","53","52","264","53"
"2076","50","49","287","50"
"2077","95","94","431","95"
"2078","93","92","548","93"
"2079","51","50","265","51"
"2080","27","26","175","27"
"2081","93","92","505","93"
"2082","60","59","337","60"
"2083","94","93","515","94"
"2084","40","39","252","40"
"2085","22","21","141","22"
"2086","36","35","209","36"
"2087","257","257","1505","258"
"2088","122","121","670","122"
"2089","233","232","1378","233"
"2090","41","40","230","41"
"2091","13","12","83","13"
"2092","76","75","439","76"
"2093","13","12","88","13"
"2094","26","25","170","26"
"2095","11","10","73","11"
"2096","13","12","89","13"
"2097","34","33","214","34"
"2098","27","26","154","27"
"2099","18","17","117","18"
"2100","19","18","123","19"
"2101","13","12","92","13"
"2102","35","34","239","35"
"2103","13","12","89","13"
"2104","30","29","172","30"
"2105","13","12","83","13"
"2106","6","5","30","6"
"2107","13","12","81","13"
"2108","35","34","193","35"
"2109","13","12","92","13"
"2110","6","5","30","6"
"2111","49","48","277","49"
"2112","13","12","93","13"
"2113","12","11","83","12"
"2114","13","12","85","13"
"2115","15","14","88","15"
"2116","23","22","125","23"
"2117","139","139","739","140"
"2118","11","10","84","11"
"2119","13","12","81","13"
"2120","13","12","84","13"
"2121","40","39","227","40"
"2122","13","12","80","13"
"2123","12","11","78","12"
"2124","14","13","92","14"
"2125","33","32","204","33"
"2126","12","11","83","12"
"2127","90","89","479","90"
"2128","92","91","501","92"
"2129","14","13","85","14"
"2130","37","36","202","37"
"2131","14","13","93","14"
"2132","12","11","78","12"
"2133","89","88","452","89"
"2134","22","21","137","22"
"2135","51","50","300","51"
"2136","22","21","153","22"
"2137","50","49","266","50"
"2138","12","11","80","12"
"2139","95","94","431","95"
"2140","46","45","255","46"
"2141","77","76","457","77"
"2142","13","12","85","13"
"2143","12","11","80","12"
"2144","12","11","83","12"
"2145","13","12","94","13"
"2146","12","11","79","12"
"2147","25","24","168","25"
"2148","24","23","149","24"
"2149","25","24","150","25"
"2150","14","13","85","14"
"2151","53","52","281","53"
"2152","45","44","240","45"
"2153","58","57","353","58"
"2154","13","12","83","13"
"2155","12","11","81","12"
"2156","13","12","81","13"
"2157","14","13","88","14"
"2158","11","10","73","11"
"2159","13","12","83","13"
"2160","93","92","505","93"
"2161","12","11","80","12"
"2162","27","26","187","27"
"2163","60","59","337","60"
"2164","13","12","87","13"
"2165","94","93","515","94"
"2166","13","12","83","13"
"2167","93","92","548","93"
"2168","11","10","74","11"
"2169","14","13","93","14"
"2170","152","151","832","152"
"2171","50","49","284","50"
"2172","248","248","1489","249"
"2173","40","39","250","40"
"2174","41","40","248","41"
"2175","42","41","258","42"
"2176","39","38","233","39"
"2177","25","24","157","25"
"2178","24","23","158","24"
"2179","38","37","221","38"
"2180","23","22","136","23"
"2181","20","19","119","20"
"2182","42","43","243","44"
"2183","54","53","268","54"
"2184","85","85","487","86"
"2185","20","19","128","20"
"2186","222","222","1238","223"
"2187","23","22","139","23"
"2188","23","22","148","23"
"2189","251","251","1369","252"
"2190","64","63","366","64"
"2191","51","50","266","51"
"2192","128","128","819","129"
"2193","229","229","1275","230"
"2194","28","27","174","28"
"2195","61","61","334","62"
"2196","70","69","401","70"
"2197","72","73","435","74"
"2198","648","647","3728","648"
"2199","58","57","327","58"
"2200","262","261","1261","262"
"2201","100","99","594","100"
"2202","48","49","266","50"
"2203","26","25","162","26"
"2204","279","279","1830","280"
"2205","32","31","194","32"
"2206","26","25","175","26"
"2207","52","51","269","52"
"2208","46","45","262","46"
"2209","160","160","891","161"
"2210","37","36","213","37"
"2211","42","41","269","42"
"2212","42","42","241","43"
"2213","275","274","1483","275"
"2214","84","83","477","84"
"2215","29","28","197","29"
"2216","25","24","159","25"
"2217","24","23","135","24"
"2218","24","23","146","24"
"2219","26","25","159","26"
"2220","86","85","540","86"
"2221","26","25","161","26"
"2222","53","52","302","53"
"2223","27","26","169","27"
"2224","51","50","282","51"
"2225","53","52","307","53"
"2226","27","26","151","27"
"2227","19","18","123","19"
"2228","55","54","285","55"
"2229","53","52","259","53"
"2230","264","263","1405","264"
"2231","31","30","200","31"
"2232","137","136","749","137"
"2233","53","52","295","53"
"2234","72","72","413","73"
"2235","25","24","139","25"
"2236","314","314","1721","315"
"2237","37","36","244","37"
"2238","42","41","266","42"
"2239","52","51","275","52"
"2240","41","40","248","41"
"2241","34","33","200","34"
"2242","68","67","394","68"
"2243","985","984","5475","985"
"2244","264","263","1539","264"
"2245","246","245","1355","246"
"2246","302","301","1731","302"
"2247","65","66","402","67"
"2248","25","24","164","25"
"2249","97","97","566","98"
"2250","103","102","578","103"
"2251","22","21","140","22"
"2252","181","181","956","182"
"2253","34","33","214","34"
"2254","51","50","263","51"
"2255","22","21","151","22"
"2256","50","49","268","50"
"2257","28","27","172","28"
"2258","162","163","925","164"
"2259","29","28","170","29"
"2260","37","36","233","37"
"2261","26","25","153","26"
"2262","31","30","189","31"
"2263","31","30","164","31"
"2264","28","27","166","28"
"2265","38","37","230","38"
"2266","28","27","178","28"
"2267","29","29","168","30"
"2268","199","199","1148","200"
"2269","26","25","146","26"
"2270","22","21","135","22"
"2271","32","31","177","32"
"2272","25","24","149","25"
"2273","26","25","182","26"
"2274","26","25","169","26"
"2275","22","21","117","22"
"2276","25","24","142","25"
"2277","24","23","145","24"
"2278","27","26","157","27"
"2279","28","27","188","28"
"2280","170","170","946","171"
"2281","31","30","163","31"
"2282","26","25","175","26"
"2283","67","67","410","68"
"2284","21","20","135","21"
"2285","120","120","643","121"
"2286","137","137","769","138"
"2287","73","72","442","73"
"2288","49","49","287","50"
"2289","21","20","150","21"
"2290","19","18","131","19"
"2291","26","25","177","26"
"2292","26","25","167","26"
"2293","36","35","225","36"
"2294","44","43","252","44"
"2295","342","341","1798","342"
"2296","36","35","233","36"
"2297","28","27","156","28"
"2298","62","63","341","64"
"2299","40","39","215","40"
"2300","70","70","372","71"
"2301","67","66","416","67"
"2302","80","79","497","80"
"2303","38","37","245","38"
"2304","93","93","506","94"
"2305","33","32","223","33"
"2306","30","29","210","30"
"2307","66","65","411","66"
"2308","81","81","475","82"
"2309","197","196","1151","197"
"2310","101","100","603","101"
"2311","61","60","366","61"
"2312","35","34","222","35"
"2313","181","181","1101","182"
"2314","82","81","506","82"
"2315","55","54","289","55"
"2316","26","25","166","26"
"2317","66","65","423","66"
"2318","26","25","157","26"
"2319","35","34","213","35"
"2320","110","109","650","110"
"2321","95","94","468","95"
"2322","49","48","290","49"
"2323","83","82","485","83"
"2324","282","282","1450","283"
"2325","36","35","219","36"
"2326","89","88","504","89"
"2327","44","43","268","44"
"2328","85","84","533","85"
"2329","29","28","179","29"
"2330","60","59","334","60"
"2331","136","135","822","136"
"2332","38","37","243","38"
"2333","74","73","409","74"
"2334","100","99","594","100"
"2335","102","101","648","102"
"2336","61","60","392","61"
"2337","95","94","614","95"
"2338","369","368","2084","369"
"2339","98","97","629","98"
"2340","66","65","474","66"
"2341","30","29","184","30"
"2342","15","14","97","15"
"2343","28","27","183","28"
"2344","21","20","141","21"
"2345","31","30","183","31"
"2346","29","28","191","29"
"2347","23","22","145","23"
"2348","20","19","138","20"
"2349","312","311","1714","312"
"2350","33","33","186","34"
"2351","113","113","661","114"
"2352","63","62","320","63"
"2353","1167","1166","6398","1167"
"2354","246","245","1421","246"
"2355","53","52","329","53"
"2356","124","123","699","124"
"2357","46","45","267","46"
"2358","51","51","346","52"
"2359","55","54","299","55"
"2360","26","25","168","26"
"2361","47","47","257","48"
"2362","17","16","103","17"
"2363","16","15","112","16"
"2364","69","68","377","69"
"2365","37","36","235","37"
"2366","44","43","249","44"
"2367","53","52","301","53"
"2368","35","34","222","35"
"2369","27","26","156","27"
"2370","102","102","539","103"
"2371","32","31","180","32"
"2372","157","157","866","158"
"2373","39","38","240","39"
"2374","37","36","238","37"
"2375","93","92","608","93"
"2376","144","143","871","144"
"2377","744","743","3872","744"
"2378","1225","1224","7370","1225"
"2379","39","39","225","40"
"2380","169","168","962","169"
"2381","129","130","651","131"
"2382","26","25","168","26"
"2383","21","20","142","21"
"2384","30","29","183","30"
"2385","82","81","445","82"
"2386","39","39","252","40"
"2387","41","40","228","41"
"2388","24","23","149","24"
"2389","19","18","115","19"
"2390","62","62","381","63"
"2391","24","23","141","24"
"2392","41","41","236","42"
"2393","26","25","157","26"
"2394","17","16","113","17"
"2395","19","18","136","19"
"2396","27","26","152","27"
"2397","26","25","156","26"
"2398","18","17","125","18"
"2399","1192","1191","6446","1192"
"2400","53","53","299","54"
"2401","131","131","823","132"
"2402","37","36","234","37"
"2403","50","50","279","51"
"2404","209","208","1131","209"
"2405","40","39","219","40"
"2406","459","458","2333","459"
"2407","105","104","619","105"
"2408","112","111","606","112"
"2409","25","24","170","25"
"2410","33","32","223","33"
"2411","30","29","189","30"
"2412","50","49","242","50"
"2413","26","25","149","26"
"2414","20","19","133","20"
"2415","22","21","144","22"
"2416","55","54","281","55"
"2417","26","25","157","26"
"2418","52","51","274","52"
"2419","55","54","365","55"
"2420","22","21","131","22"
"2421","25","24","162","25"
"2422","25","24","161","25"
"2423","19","18","128","19"
"2424","29","28","172","29"
"2425","34","33","210","34"
"2426","24","23","151","24"
"2427","21","20","144","21"
"2428","26","25","152","26"
"2429","20","19","139","20"
"2430","21","20","121","21"
"2431","21","20","136","21"
"2432","24","23","148","24"
"2433","1183","1183","6253","1184"
"2434","69","68","406","69"
"2435","35","34","205","35"
"2436","46","46","260","47"
"2437","87","87","464","88"
"2438","541","541","3341","542"
"2439","1481","1489","8639","1490"
"2440","142","141","748","142"
"2441","246","246","1327","247"
"2442","55","54","298","55"
"2443","541","540","3320","541"
"2444","156","156","902","157"
"2445","180","179","925","180"
"2446","121","120","609","121"
"2447","508","508","3023","509"
"2448","95","94","493","95"
"2449","149","148","892","149"
"2450","119","119","601","120"
"2451","231","230","1247","231"
"2452","34","34","222","35"
"2453","302","302","1634","303"
"2454","192","191","994","192"
"2455","201","200","1088","201"
"2456","233","232","1222","233"
"2457","140","140","805","141"
"2458","94","94","544","95"
"2459","305","305","1482","306"
"2460","113","113","604","114"
"2461","71","70","361","71"
"2462","107","107","561","108"
"2463","67","67","345","68"
"2464","183","183","915","184"
"2465","71","70","377","71"
"2466","66","65","317","66"
"2467","67","67","352","68"
"2468","62","61","353","62"
"2469","590","590","3312","591"
"2470","241","240","1215","241"
"2471","191","192","1131","193"
"2472","178","179","981","180"
"2473","126","127","766","128"
"2474","62","62","363","63"
"2475","39","38","247","39"
"2476","98","98","546","99"
"2477","265","266","1488","267"
"2478","137","136","742","137"
"2479","175","175","942","176"
"2480","410","409","2271","410"
"2481","81","82","503","83"
"2482","73","74","469","75"
"2483","765","764","4488","765"
"2484","44","43","234","44"
"2485","251","250","1383","251"
"2486","75","74","416","75"
"2487","64","63","375","64"
"2488","91","90","507","91"
"2489","150","149","801","150"
"2490","213","213","1253","214"
"2491","71","70","404","71"
"2492","116","117","811","118"
"2493","243","242","1288","243"
"2494","174","173","974","174"
"2495","47","47","275","48"
"2496","183","182","979","183"
"2497","304","303","1618","304"
"2498","59","58","326","59"
"2499","145","145","840","146"
"2500","263","263","1313","264"
"2501","177","177","989","178"
"2502","84","83","487","84"
"2503","69","68","387","69"
"2504","440","440","2465","441"
"2505","71","70","406","71"
"2506","427","426","2394","427"
"2507","111","110","638","111"
"2508","489","489","3245","490"
"2509","519","518","2809","519"
"2510","75","88","1500","89"
"2511","123","122","784","123"
"2512","34","34","216","35"
"2513","69","68","387","69"
"2514","153","153","953","154"
"2515","98","98","602","99"
"2516","439","439","2403","440"
"2517","112","111","661","112"
"2518","439","438","2470","439"
"2519","58","57","332","58"
"2520","84","83","487","84"
"2521","414","413","2513","414"
"2522","458","457","2701","458"
"2523","235","234","1375","235"
"2524","96","96","541","97"
"2525","30","30","186","31"
"2526","439","438","2470","439"
"2527","69","68","387","69"
"2528","54","54","392","55"
"2529","122","122","686","123"
"2530","200","200","1235","201"
"2531","512","511","3349","512"
"2532","84","83","487","84"
"2533","320","319","1663","320"
"2534","135","134","871","135"
"2535","35","439","1966","440"
"2536","2522","2523","14544","2524"
"2537","92","92","624","93"
"2538","116","115","632","116"
"2539","2720","2743","16143","2744"
"2540","139","138","926","139"
"2541","124","123","826","124"
"2542","23","23","206","24"
"2543","113","112","688","113"
"2544","151","151","873","152"
"2545","69","68","387","69"
"2546","158","158","997","159"
"2547","67","66","364","67"
"2548","26","25","136","26"
"2549","93","92","514","93"
"2550","122","122","691","123"
"2551","112","111","665","112"
"2552","123","122","727","123"
"2553","153","153","892","154"
"2554","144","143","845","144"
"2555","75","75","454","76"
"2556","561","560","3235","561"
"2557","58","57","332","58"
"2558","122","122","687","123"
"2559","41","40","256","41"
"2560","29","28","224","29"
"2561","36","36","249","37"
"2562","80","79","454","80"
"2563","103","102","582","103"
"2564","29","28","224","29"
"2565","167","167","1036","168"
"2566","69","69","394","70"
"2567","211","211","1291","212"
"2568","92","92","492","93"
"2569","486","486","2540","487"
"2570","135","134","718","135"
"2571","234","233","1377","234"
"2572","10","10","61","11"
"2573","95","94","554","95"
"2574","77","77","485","78"
"2575","80","79","454","80"
"2576","80","79","454","80"
"2577","421","421","2522","422"
"2578","30","30","259","31"
"2579","80","79","454","80"
"2580","179","179","1039","180"
"2581","137","137","801","138"
"2582","236","236","1372","237"
"2583","98","98","602","99"
"2584","522","521","2999","522"
"2585","2852","2858","15704","2859"
"2586","105","105","557","106"
"2587","166","165","1016","166"
"2588","139","139","820","140"
"2589","101","100","551","101"
"2590","174","174","979","175"
"2591","30","30","186","31"
"2592","79","79","520","80"
"2593","152","151","957","152"
"2594","151","151","873","152"
"2595","146","145","886","146"
"2596","191","190","1085","191"
"2597","122","122","701","123"
"2598","75","74","424","75"
"2599","122","122","704","123"
"2600","448","448","2567","449"
"2601","177","177","1132","178"
"2602","66","66","399","67"
"2603","144","143","845","144"
"2604","75","88","1500","89"
"2605","310","310","1941","311"
"2606","459","459","2688","460"
"2607","18","18","120","19"
"2608","58","57","332","58"
"2609","188","188","1094","189"
"2610","48","47","280","48"
"2611","105","104","568","105"
"2612","596","595","3876","596"
"2613","97","96","584","97"
"2614","97","97","586","98"
"2615","108","107","566","108"
"2616","82","82","355","83"
"2617","138","137","812","138"
"2618","193","192","1051","193"
"2619","179","183","1341","184"
"2620","48","47","269","48"
"2621","211","211","1291","212"
"2622","84","83","405","84"
"2623","151","151","873","152"
"2624","48","47","269","48"
"2625","54","54","392","55"
"2626","38","38","286","39"
"2627","122","122","701","123"
"2628","108","107","566","108"
"2629","90","89","500","90"
"2630","139","139","816","140"
"2631","82","82","508","83"
"2632","138","137","876","138"
"2633","120","120","679","121"
"2634","130","130","870","131"
"2635","144","144","917","145"
"2636","53","53","366","54"
"2637","202","202","1278","203"
"2638","228","229","1373","230"
"2639","4","4","41","5"
"2640","108","107","573","108"
"2641","154","153","873","154"
"2642","448","448","2573","449"
"2643","139","139","922","140"
"2644","113","112","672","113"
"2645","34","33","204","34"
"2646","221","221","1209","222"
"2647","52","52","389","53"
"2648","257","257","1362","258"
"2649","172","172","1103","173"
"2650","184","185","1090","186"
"2651","8","7","42","8"
"2652","111","110","561","111"
"2653","128","127","677","128"
"2654","155","154","879","155"
"2655","586","586","3354","587"
"2656","224","224","1365","225"
"2657","430","429","2499","430"
"2658","8","7","42","8"
"2659","1004","1006","6094","1007"
"2660","162","161","1018","162"
"2661","30","31","380","32"
"2662","357","356","2099","357"
"2663","160","160","936","161"
"2664","108","107","566","108"
"2665","186","185","991","186"
"2666","151","151","872","152"
"2667","493","493","2973","494"
"2668","64","64","327","65"
"2669","466","465","2448","466"
"2670","67","66","364","67"
"2671","58","57","332","58"
"2672","224","224","1365","225"
"2673","149","149","908","150"
"2674","126","126","730","127"
"2675","142","142","769","143"
"2676","67","67","438","68"
"2677","223","223","1346","224"
"2678","144","143","845","144"
"2679","184","183","989","184"
"2680","113","112","839","113"
"2681","116","116","677","117"
"2682","3309","3312","17938","3313"
"2683","223","223","1346","224"
"2684","232","233","1476","234"
"2685","46","45","263","46"
"2686","192","192","1195","193"
"2687","145","144","847","145"
"2688","177","177","1132","178"
"2689","493","493","2973","494"
"2690","38","38","291","39"
"2691","164","163","902","164"
"2692","199","199","1246","200"
"2693","402","401","2142","402"
"2694","42","41","240","42"
"2695","190","190","1149","191"
"2696","231","231","1392","232"
"2697","3479","3488","18941","3489"
"2698","29","29","224","30"
"2699","223","223","1346","224"
"2700","384","383","2259","384"
"2701","239","239","1304","240"
"2702","93","92","528","93"
"2703","161","161","901","162"
"2704","93","92","528","93"
"2705","92","91","522","92"
"2706","112","111","828","112"
"2707","514","513","2717","514"
"2708","426","426","2257","427"
"2709","207","207","1308","208"
"2710","166","165","1002","166"
"2711","653","653","3786","654"
"2712","30","30","186","31"
"2713","204","204","1240","205"
"2714","120","120","705","121"
"2715","221","221","1209","222"
"2716","392","391","2281","392"
"2717","389","395","2567","396"
"2718","510","509","2940","510"
"2719","328","328","1766","329"
"2720","522","521","2852","522"
"2721","30","30","186","31"
"2722","191","191","1158","192"
"2723","118","118","764","119"
"2724","469","469","2675","470"
"2725","119","118","674","119"
"2726","165","164","951","165"
"2727","458","457","2610","458"
"2728","482","482","2774","483"
"2729","279","278","1616","279"
"2730","86","85","487","86"
"2731","202","202","1230","203"
"2732","216","216","1306","217"
"2733","493","493","2973","494"
"2734","480","480","2758","481"
"2735","304","303","1780","304"
"2736","435","434","2418","435"
"2737","1186","1186","6744","1187"
"2738","187","187","1039","188"
"2739","403","403","2657","404"
"2740","145","145","808","146"
"2741","165","164","1003","165"
"2742","145","145","808","146"
"2743","196","200","596","201"
"2744","29","30","194","31"
"2745","11599","11599","69860","11600"
"2746","106","106","605","107"
"2747","750","750","4349","751"
"2748","189","189","1177","190"
"2749","98","97","585","98"
"2750","1706","1705","9185","1706"
"2751","231","231","1392","232"
"2752","6","46","393","47"
"2753","386","397","2662","398"
"2754","1706","1705","9196","1706"
"2755","1705","1704","9159","1705"
"2756","122","121","813","122"
"2757","1614","1635","10290","1636"
"2758","1614","1635","10293","1636"
"2759","678","678","4691","679"
"2760","79","78","515","79"
"2761","215","215","1266","216"
"2762","215","215","1266","216"
"2763","40","40","160","41"
"2764","166","165","894","166"
"2765","182","184","1156","185"
"2766","79","79","424","80"
"2767","543","542","2983","543"
"2768","139","139","808","140"
"2769","152","152","812","153"
"2770","522","521","3030","522"
"2771","324","324","1687","325"
"2772","67","67","375","68"
"2773","579","581","3606","582"
"2774","177","177","1132","178"
"2775","166","165","1032","166"
"2776","26","26","150","27"
"2777","294","293","1795","294"
"2778","350","350","2037","351"
"2779","339","338","1913","339"
"2780","171","170","1127","171"
"2781","119","119","671","120"
"2782","2816","2816","16266","2817"
"2783","417","417","2621","418"
"2784","118","118","850","119"
"2785","236","236","1437","237"
"2786","230","230","3018","231"
"2787","321","321","1729","322"
"2788","4","4","41","5"
"2789","101","100","574","101"
"2790","761","761","4800","762"
"2791","192","192","1195","193"
"2792","190","189","1150","190"
"2793","8","30","284","31"
"2794","154","153","966","154"
"2795","148","148","868","149"
"2796","64","64","352","65"
"2797","64","64","352","65"
"2798","271","271","1746","272"
"2799","65","64","487","65"
"2800","85","85","476","86"
"2801","166","166","998","167"
"2802","277","277","1766","278"
"2803","149","148","910","149"
"2804","42","42","268","43"
"2805","164","164","982","165"
"2806","109","109","644","110"
"2807","0","0","1","0"
"2808","170","170","1003","171"
"2809","159","160","939","161"
"2810","254","254","1559","255"
"2811","8","30","284","31"
"2812","739","739","4173","740"
"2813","44","44","1992","45"
"2814","10","10","61","11"
"2815","373","373","2189","374"
"2816","1297","1296","7829","1297"
"2817","610","610","3668","611"
"2818","544","545","3644","546"
"2819","3025","3025","17374","3026"
"2820","40","40","159","41"
"2821","122","122","773","123"
"2822","44","44","300","45"
"2823","40","40","160","41"
"2824","40","40","164","41"
"2825","23","36","375","37"
"2826","23","36","375","37"
"2827","23","36","375","37"
"2828","544","545","3644","546"
"2829","0","0","1","0"
"2830","57","56","391","57"
"2831","493","493","2973","494"
"2832","614","614","3262","615"
"2833","614","614","3262","615"
"2834","614","614","3262","615"
"2835","614","614","3262","615"
"2836","82","82","583","83"
"2837","318","317","1662","318"
"2838","8","30","284","31"
"2839","167","166","1046","167"
"2840","229","230","1391","231"
"2841","315","314","1737","315"
"2842","236","235","1174","236"
"2843","163","162","891","163"
"2844","280","279","1520","280"
"2845","73","73","434","74"
"2846","725","724","4123","725"
"2847","289","289","1699","290"
"2848","21","21","146","22"
"2849","113","112","675","113"
"2850","57","57","306","58"
"2851","51","51","339","52"
"2852","403","403","2560","404"
"2853","11","11","74","12"
"2854","454","453","2519","454"
"2855","139","139","880","140"
"2856","347","347","2051","348"
"2857","177","177","1132","178"
"2858","167","166","1010","167"
"2859","492","491","2923","492"
"2860","41","41","190","42"
"2861","490","489","2907","490"
"2862","442","441","2683","442"
"2863","2816","2820","15448","2821"
"2864","69","69","394","70"
"2865","280","279","1520","280"
"2866","178","178","1059","179"
"2867","347","347","2051","348"
"2868","51","51","339","52"
"2869","139","139","922","140"
"2870","155","154","899","155"
"2871","145","144","852","145"
"2872","1537","1536","8255","1537"
"2873","164","163","992","164"
"2874","90","90","563","91"
"2875","119","119","658","120"
"2876","74","74","466","75"
"2877","362","362","2151","363"
"2878","208","208","1309","209"
"2879","72","71","429","72"
"2880","289","289","1792","290"
"2881","601","601","3174","602"
"2882","347","347","2051","348"
"2883","334","334","1870","335"
"2884","129","129","763","130"
"2885","213","213","1236","214"
"2886","154","153","864","154"
"2887","125","125","722","126"
"2888","202","201","1203","202"
"2889","379","379","2223","380"
"2890","379","379","2223","380"
"2891","95","95","655","96"
"2892","80","79","505","80"
"2893","102","101","610","102"
"2894","69","68","404","69"
"2895","440","440","2458","441"
"2896","158","158","907","159"
"2897","9","20","272","21"
"2898","83","83","469","84"
"2899","310","310","1941","311"
"2900","202","201","1249","202"
"2901","218","217","1123","218"
"2902","241","241","1446","242"
"2903","359","359","2036","360"
"2904","103","103","547","104"
"2905","2863","2863","16561","2864"
"2906","42","42","268","43"
"2907","20","21","164","22"
"2908","213","213","1236","214"
"2909","505","508","3206","509"
"2910","162","162","929","163"
"2911","262","261","1614","262"
"2912","249","249","1339","250"
"2913","134","133","689","134"
"2914","148","148","830","149"
"2915","166","166","964","167"
"2916","176","176","1026","177"
"2917","440","440","2458","441"
"2918","31","31","199","32"
"2919","220","219","1315","220"
"2920","170","169","1013","170"
"2921","68","68","401","69"
"2922","2817","2821","15511","2822"
"2923","2802","2806","15411","2807"
"2924","176","176","1026","177"
"2925","52","53","391","54"
"2926","259","259","1505","260"
"2927","1536","1535","8229","1536"
"2928","120","120","651","121"
"2929","187","186","1166","187"
"2930","432","432","2514","433"
"2931","145","144","852","145"
"2932","415","415","2303","416"
"2933","66","66","364","67"
"2934","146","145","879","146"
"2935","320","320","1726","321"
"2936","89","89","498","90"
"2937","240","240","1562","241"
"2938","98","97","585","98"
"2939","135","134","718","135"
"2940","54","54","406","55"
"2941","78","78","430","79"
"2942","85","84","495","85"
"2943","101","101","581","102"
"2944","495","495","2868","496"
"2945","580","579","3001","580"
"2946","94","93","580","94"
"2947","160","160","936","161"
"2948","455","455","2614","456"
"2949","80","80","503","81"
"2950","1344","1344","7156","1345"
"2951","183","183","1034","184"
"2952","187","186","1198","187"
"2953","15","15","113","16"
"2954","117","117","675","118"
"2955","493","493","2973","494"
"2956","219","219","1228","220"
"2957","53","53","321","54"
"2958","158","157","961","158"
"2959","113","112","687","113"
"2960","582","581","3057","582"
"2961","247","247","1416","248"
"2962","434","433","2312","434"
"2963","295","334","1614","335"
"2964","145","144","852","145"
"2965","540","539","3043","540"
"2966","439","438","2466","439"
"2967","0","0","0","1"
"2968","83","83","480","84"
"2969","58","57","332","58"
"2970","266","266","1784","267"
"2971","96","95","514","96"
"2972","16","15","151","16"
"2973","372","372","2659","373"
"2974","225","225","1304","226"
"2975","160","160","940","161"
"2976","2817","2817","16295","2818"
"2977","164","164","915","165"
"2978","312","311","1633","312"
"2979","32","32","209","33"
"2980","496","495","2738","496"
"2981","4931","4931","200408","4932"
"2982","169","168","1015","169"
"2983","283","283","1622","284"
"2984","411","422","2780","423"
"2985","410","421","2773","422"
"2986","540","540","3272","541"
"2987","161","161","974","162"
"2988","184","184","1037","185"
"2989","3476","3475","22067","3476"
"2990","179","179","1091","180"
"2991","165","165","956","166"
"2992","165","165","956","166"
"2993","250","250","1470","251"
"2994","398","397","2320","398"
"2995","579","579","3261","580"
"2996","96","96","561","97"
"2997","79","79","468","80"
"2998","154","154","864","155"
"2999","747","747","4129","748"
"3000","267","437","1981","438"
